ID,Filename,Segment label,Segment number,Stress hearing,stressed syl,Num of Sylable,Rutul,Word strukture,Sylable strukture,Russian,Grammar,Maximum pitch (Hz),Duration,Minimum pitch (Hz),Pitch mean,F1,F2
1,Alijar_nouns,ɨ,1,0,2,3,xɨdɨldɨ,CVCVCCV,CV,женщина,NOM,126.6531920998481,0.03108339424930051,102.28056425292843,114.46687817638826,615.3089258522136,1950.9962915511003
2,Alijar_nouns,ɨ,2,1,2,3,xɨdɨldɨ,CVCVCCV,CVC,женщина,NOM,116.23341820080405,0.10158962998551857,102.01336827554549,109.12339323817477,423.8067952090051,1183.7289720142417
3,Alijar_nouns,ɨ,3,0,2,3,xɨdɨldɨ,CVCVCCV,CV,женщина,NOM,,0.06974810416916277,,,909.8206614019699,2273.6786164264668
4,Alijar_nouns,e,1,0,2,3,edemi,VCVCV,V,человек,NOM,133.21283212334959,0.11019195975523743,117.6474159279926,125.43012402567109,392.8136667157951,1915.6592273193974
5,Alijar_nouns,e,2,1,2,3,edemi,VCVCV,CV,человек,NOM,127.49372553956181,0.09508499753072996,119.78655653609694,123.64014103782938,456.72631440425977,1871.0193167707725
6,Alijar_nouns,i,3,0,2,3,edemi,VCVCV,CV,человек,NOM,111.22006427216037,0.06220513857150323,105.81485547135347,108.51745987175693,411.43094943128335,1973.8771347313364
7,Alijar_nouns,ɨ,1,0,2,2,xɨle,CVCV,CV,женщина-PL,PL,110.59167353418296,0.08294864804616609,98.33036940591633,104.46102147004964,431.2210118859733,1721.486243911928
8,Alijar_nouns,e,2,1,2,2,xɨle,CVCV,CV,женщина-PL,PL,102.43804898184162,0.14243707240250814,91.73364998553473,97.08584948368818,494.4080153778744,1679.1787843986156
9,Alijar_nouns,e,1,0,2,4,edemijer,VCVCVCVC,V,человек-PL,PL,104.87832558071459,0.09942666230449504,102.5286063721091,103.70346597641185,1515.214556014377,2363.359537017349
10,Alijar_nouns,e,2,1,2,4,edemijer,VCVCVCVC,CV,человек-PL,PL,112.98660516274317,0.05362336843388249,103.53694138400749,108.26177327337533,453.20924582087775,1750.6238880970516
11,Alijar_nouns,i,3,0,2,4,edemijer,VCVCVCVC,CV,человек-PL,PL,99.33414372759772,0.0971923552864169,82.99323803363224,91.16369088061498,346.5994307055631,2168.9749288626504
12,Alijar_nouns,e,4,0,2,4,edemijer,VCVCVCVC,CVC,человек-PL,PL,92.96769783812356,0.08490366668698357,85.61986455218202,89.29378119515279,389.0490651355241,1593.675918163447
13,Alijar_nouns,e,1,0,2,4,edemijer,VCVCVCVC,V,человек-PL,PL,105.60253668824323,0.06560737880358047,99.5386878487165,102.57061226847986,416.66994052419113,1897.4341124474522
14,Alijar_nouns,e,2,1,2,4,edemijer,VCVCVCVC,CV,человек-PL,PL,109.54381945539856,0.07525552274528025,100.54461704247683,105.0442182489377,467.67744886532563,1833.3551475947438
15,Alijar_nouns,i,3,0,2,4,edemijer,VCVCVCVC,CV,человек-PL,PL,100.6301195101879,0.12446105684796649,83.01914296016399,91.82463123517594,327.1892129346205,2316.7898439712135
16,Alijar_nouns,e,4,0,2,4,edemijer,VCVCVCVC,CVC,человек-PL,PL,93.47534559819779,0.12253142805962725,88.05991977287854,90.76763268553816,374.9019263073238,1746.7906910128036
17,Alijar_nouns,i,1,0,2,2,insan,VCCVC,VC,человек,NOM,114.75452176622747,0.09613653512313647,105.27122318513275,110.01287247568011,499.9170131061124,2154.9791286445557
18,Alijar_nouns,a,2,1,2,2,insan,VCCVC,CVC,человек,NOM,114.59776233099083,0.10529239561105896,102.02415873505514,108.31096053302298,539.1586709636615,1330.8230358136193
19,Alijar_nouns,ɨ,1,0,2,3,vɨγɨldɨ,CVCVCCV,CV,мужчина,NOM,107.93029118002063,0.08236830504980475,94.12715918166896,101.02872518084479,413.8165162592073,1533.0970559594068
20,Alijar_nouns,ɨ,2,1,2,3,vɨγɨldɨ,CVCVCCV,CVC,мужчина,NOM,107.76109072271792,0.11595984845000373,97.57573773137399,102.66841422704596,410.1881396840981,1710.3974048803275
21,Alijar_nouns,ɨ,3,0,2,3,vɨγɨldɨ,CVCVCCV,CV,мужчина,NOM,,0.0687055771013334,,,349.5806144486502,1498.6029995787997
22,Alijar_nouns,i,1,1,1,1,lix,CVC,CVC,вошь (блоха),NOM,105.11955137456711,0.09024016096891785,101.96794899440309,103.5437501844851,320.07387548558864,2089.7237740430787
23,Alijar_nouns,i,1,0,2,2,lixér,CVCVC,CV,вошь-PL (блоха-PL),PL,,0.061527382478807624,,,349.1591545511197,2137.963715801517
24,Alijar_nouns,e,2,1,2,2,lixér,CVCVC,CVC,вошь-PL (блоха-PL),PL,104.74565317036591,0.1312584159547896,94.16802209018888,99.45683763027739,471.18201206420315,1785.5532261309547
25,Alijar_nouns,ɨ,1,1,1,1,dɨd,CVC,CVC,муха,NOM,108.61919690126075,0.11074928846184662,99.85896976520473,104.23908333323274,390.4860155662877,1814.7998854303776
26,Alijar_nouns,ɨ,1,0,2,2,dɨdar,CVCVC,CV,муха-PL,PL,128.6911023818726,0.06973103347597487,93.38964336799802,111.04037287493531,346.6956099541348,1437.261438923547
27,Alijar_nouns,a,2,1,2,2,dɨdar,CVCVC,CVC,муха-PL,PL,101.74238612555858,0.164073019943487,94.34379632905227,98.04309122730543,590.4350949887181,1303.842773390164
28,Alijar_nouns,a,1,1,1,2,шАмкал,CVCCVC,CVC,паук,NOM,109.87223590210894,0.11074928846184662,100.94776947560322,105.41000268885608,565.9191378928848,1277.8472178043073
29,Alijar_nouns,a,2,0,1,2,шАмкал,CVCCVC,CVC,паук,NOM,,0.07383285897456915,,,1208.922474287527,2275.0742661590984
30,Alijar_nouns,a,1,1,1,3,шАмкалер,CVCCVCVC,CVC,паук-PL,PL,106.07919038872772,0.11074928846184662,101.44540575332068,103.7622980710242,517.2290013174501,1303.646295969744
31,Alijar_nouns,a,2,0,1,3,шАмкалер,CVCCVCVC,CV,паук-PL,PL,101.81854161586188,0.0656292079773948,97.31165965177338,99.56510063381762,510.1514353478184,1811.6599331464015
32,Alijar_nouns,e,3,0,1,3,шАмкалер,CVCCVCVC,CVC,паук-PL,PL,,0.07793468447314922,,,460.76396797442567,1753.9504333743103
33,Alijar_nouns,a,1,0,2,3,baqaq'aj,CVCVCVC,CV,клещ,NOM,,0.04512008048445182,,,546.7926272691017,1193.4743867224884
34,Alijar_nouns,a,2,1,2,3,baqaq'aj,CVCVCVC,CV,клещ,NOM,,0.09434198646749792,,,648.9935528312452,1254.9839291855815
35,Alijar_nouns,a,3,0,2,3,baqaq'aj,CVCVCVC,CVC,клещ,NOM,95.87418036583718,0.07793468447316343,90.76237685721007,93.31827861152362,597.5974064473314,1371.6394207301926
36,Alijar_nouns,a,1,0,2,3,baqaq'ajmar,CVCVCVCCVC,CV,клещ-PL,PL,,0.0984438119660922,,,677.1431804560781,1232.8316505436778
37,Alijar_nouns,a,2,1,2,3,baqaq'ajmar,CVCVCVCCVC,CV,клещ-PL,PL,93.80797267951621,0.09024016096891785,91.43637890884419,92.62217579418021,631.4549842715204,1498.501296822642
38,Alijar_nouns,a,3,0,2,3,baqaq'ajmar,CVCVCVCCVC,CVC,клещ-PL,PL,94.85207514098391,0.07793468447314922,91.23689004423454,93.04448259260923,617.651841684192,1210.8803405136985
39,Alijar_nouns,ɨ,1,0,2,2,ʁɨlɨʁ,CVCVC,CV,яйцо,NOM,99.90826562962593,0.07383285897456915,92.24957925752884,96.07892244357738,459.71282998539465,1113.4958287152804
40,Alijar_nouns,ɨ,2,1,2,2,ʁɨlɨʁ,CVCVC,CVC,яйцо,NOM,95.96745176919798,0.08613833547033778,88.40308009118225,92.18526593019011,464.6605237582877,1235.7228252646082
41,Alijar_nouns,ɨ,1,0,2,3,ʁɨlɨʁmar,CVCVCCVC,CV,яйцо-PL,PL,89.4624480179977,0.06973103347597487,85.94401828074392,87.70323314937082,528.4582701995353,1008.4752141145016
42,Alijar_nouns,ɨ,2,1,2,3,ʁɨlɨʁmar,CVCVCCVC,CVC,яйцо-PL,PL,95.83939437407095,0.11074928846186083,89.51588954348253,92.67764195877675,494.63828908759444,946.5849775760041
43,Alijar_nouns,a,3,0,2,3,ʁɨlɨʁmar,CVCVCCVC,CVC,яйцо-PL,PL,,0.10664746296325234,,,898.0051453076032,1841.527001733466
44,Alijar_nouns,u,1,1,1,1,sus,CVC,CVC,невеста,NOM,105.37445424815901,0.10664746296326655,86.78328279841725,96.07886852328812,555.4203297326322,1803.8234893619356
45,Alijar_nouns,u,1,0,2,2,susmar,CVCCVC,CVC,невеста-PL,PL,,0.05742555698022045,,,612.7555976096621,1674.7703663621305
46,Alijar_nouns,a,2,1,2,2,susmar,CVCCVC,CVC,невеста-PL,PL,97.90280594973724,0.12715659045619532,86.91799307992042,92.41039951482884,693.6669109639706,851.3890989955835
47,Alijar_nouns,ɨ,1,1,1,1,c'ɨc',CVC,CVC,кузнечик,NOM,106.5725870131588,0.10254563746467227,99.00753863136802,102.79006282226341,442.3440582455871,1453.1104862319053
48,Alijar_nouns,ɨ,1,0,2,2,c'ɨc'ar,CVCVC,CV,кузнечик-PL,PL,,0.0820365099717435,,,445.8842199528921,1325.4050627717484
49,Alijar_nouns,a,2,1,2,2,c'ɨc'ar,CVCVC,CVC,кузнечик-PL,PL,103.62804845522388,0.164073019943487,92.76638075308438,98.19721460415413,708.0640469554289,1147.7472528255516
50,Alijar_nouns,ɨ,1,2,0,2,хынЫх\хЫных,CVCVC,CV,сын,NOM,108.4789354018835,0.06973103347598908,103.26568846674388,105.8723119343137,503.14418008787476,1253.146987470697
51,Alijar_nouns,ɨ,2,2,0,2,хынЫх\хЫных,CVCVC,CVC,сын,NOM,99.50381823115383,0.1148511139604409,93.8615066819474,96.68266245655062,603.8123868373214,1163.5700529255682
52,Alijar_nouns,ɨ,1,0,3,3,хынимЕр,CVCVCVC,CV,сын-PL,PL,97.47926002547584,0.05742555698020624,97.10898328338473,97.29412165443029,513.9765766424763,1453.1624779747353
53,Alijar_nouns,ɨ,2,0,3,3,хынимЕр,CVCVCVC,CV,сын-PL,PL,100.93646111854586,0.05742555698020624,98.49017063009653,99.7133158743212,427.5160808853258,2205.085664074197
54,Alijar_nouns,e,3,1,3,3,хынимЕр,CVCVCVC,CVC,сын-PL,PL,95.7449416040242,0.10254563746468648,87.49689758512943,91.62091959457682,412.79265688057023,1780.0872350157863
55,Alijar_nouns,ɨ,1,1,1,1,rɨš,CVC,CVC,дочь,NOM,98.84655330905338,0.13946206695194974,84.56367326999198,91.70511328952267,467.22086888106026,1652.9748402590117
56,Alijar_nouns,i,1,0,2,2,rišbe,CVCCV,CVC,дочь-PL,PL,108.07841512698006,0.0656292079773948,98.93760991111368,103.50801251904687,380.1941302660211,1808.6836600547213
57,Alijar_nouns,e,2,1,2,2,rišbe,CVCCV,CV,дочь-PL,PL,101.82712812860441,0.09844381196606378,90.24239049417098,96.03475931138769,471.7122795097766,1664.1052387309862
58,Alijar_nouns,i,1,0,2,2,riši,CVCV,CV,сестра,NOM,,0.08613833547030936,,,372.30258261705893,1909.601010954019
59,Alijar_nouns,i,2,1,2,2,riši,CVCV,CV,сестра,NOM,112.3540687476043,0.13536024145338388,93.97513060084657,103.16459967422543,400.55132533076164,1977.6927836110242
60,Alijar_nouns,i,1,0,2,3,rišijmar,CVCVCCVC,CV,сестра-PL,PL,207.9205269047324,0.0656292079773948,197.9258728493731,202.92319987705275,387.9658588432834,2014.090150812287
61,Alijar_nouns,i,2,1,2,3,rišijmar,CVCVCCVC,CVC,сестра-PL,PL,109.40201301769373,0.09434198646749792,98.74151162586196,104.07176232177784,378.88938594551666,2329.143410372948
62,Alijar_nouns,a,3,0,2,3,rišijmar,CVCVCCVC,CVC,сестра-PL,PL,95.11181436619293,0.10254563746468648,86.88822071737691,91.00001754178493,1194.0400843569719,2516.5085014736705
63,Alijar_nouns,i,1,2,0,2,ʒiʒɨx,CVCVC,CV,муравей,NOM,,0.06328530769249596,,,346.30050827374725,1948.134970027416
64,Alijar_nouns,ɨ,2,2,0,2,ʒiʒɨx,CVCVC,CVC,муравей,NOM,,0.08009546754831831,,,468.6943093638142,1273.3622637417595
65,Alijar_nouns,ɨ,1,0,2,3,ʒɨʒɨxmar,CVCVCCVC,CV,муравей-PL,PL,102.11405115870537,0.039553317307820635,96.89789680961515,99.50597398416025,392.0940500930472,1367.132553255158
66,Alijar_nouns,ɨ,2,1,2,3,ʒɨʒɨxmar,CVCVCCVC,CVC,муравей-PL,PL,,0.0672406394232894,,,1203.3515716155337,2751.8389365285257
67,Alijar_nouns,a,3,0,2,3,ʒɨʒɨxmar,CVCVCCVC,CVC,муравей-PL,PL,87.53304682089396,0.11470462019264005,86.31380261193355,86.92342471641376,582.2654379698503,1134.0299179279336
68,Alijar_nouns,ɨ,1,0,2,3,ʒɨʒɨxmar,CVCVCCVC,CV,муравей-PL,PL,,0.043508649038585645,,,328.92358394425673,1346.9664392151715
69,Alijar_nouns,ɨ,2,1,2,3,ʒɨʒɨxmar,CVCVCCVC,CVC,муравей-PL,PL,93.24071146189479,0.06328530769249596,90.92683130553121,92.083771383713,490.5923724341386,1310.6827502723545
70,Alijar_nouns,a,3,0,2,3,ʒɨʒɨxmar,CVCVCCVC,CVC,муравей-PL,PL,,0.07515130288481942,,,593.7512260637952,1111.446601525452
71,Alijar_nouns,a,1,1,1,1,ɣar,CVC,CVC,змея,NOM,108.83980361376709,0.18194525961590102,91.43924584689667,100.13952473033189,663.195074811895,1256.1246452467356
72,Alijar_nouns,a,1,1,1,2,ɣarmar,CVCCVC,CVC,змея-PL,PL,96.7296087718171,0.18194525961590102,93.62953268708684,95.17957072945197,639.4225986977943,1279.3109193110938
73,Alijar_nouns,a,2,0,1,2,ɣarmar,CVCCVC,CVC,змея-PL,PL,,0.07515130288484784,,,1046.9242813596643,2179.8619363729326
74,Alijar_nouns,ɨ,1,0,2,2,tɨla,CVCV,CV,собака,NOM,100.56714834960546,0.04746398076937908,95.60159389695438,98.08437112327992,429.62919165218705,1043.2427021911667
75,Alijar_nouns,a,2,1,2,2,tɨla,CVCV,CV,собака,NOM,96.22681848936348,0.07910663461561285,85.32475220836635,90.77578534886492,617.4606921601934,1172.1207255305237
76,Alijar_nouns,ɨ,1,0,2,3,tɨlɨjmar,CVCVCCVC,CV,собака-PL,PL,100.63195378412776,0.08306196634637786,96.89200085996605,98.7619773220469,425.0929582804479,1124.0348297258001
77,Alijar_nouns,ɨ,2,1,2,3,tɨlɨjmar,CVCVCCVC,CVC,собака-PL,PL,100.85814185986479,0.07515130288481942,97.26986008017174,99.06400097001827,481.7939337528917,1438.5144006930216
78,Alijar_nouns,a,3,0,2,3,tɨlɨjmar,CVCVCCVC,CVC,собака-PL,PL,100.52933790056595,0.09097262980796472,100.52933790056595,100.52933790056595,545.0818987595194,1214.940642412177
79,Alijar_nouns,i,1,0,2,2,iči,VCV,V,живот,NOM,,0.07515130288484784,,,1601.264522106707,2563.5087466724635
80,Alijar_nouns,i,2,1,2,2,iči,VCV,CV,живот,NOM,114.10085300569074,0.09492796153872973,107.11853740583392,110.60969520576234,1611.1584213408473,2071.407263413294
81,Alijar_nouns,i,1,0,3,3,ičibɨr,VCVCVC,V,живот-PL,PL,,0.05537464423093752,,,2002.8461402137743,2531.358276026584
82,Alijar_nouns,i,2,0,3,3,ičibɨr,VCVCVC,CV,живот-PL,PL,,0.04746398076937908,,,620.9870675737727,2081.5440783443732
83,Alijar_nouns,ɨ,3,1,3,3,ičibɨr,VCVCVC,CVC,живот-PL,PL,,0.05932997596173095,,,445.23918617561026,1316.9610268969698
84,Alijar_nouns,i,1,1,1,1,sik',CVC,CVC,лиса,NOM,,0.11074928846187504,,,343.8236350645689,2140.3298966467582
85,Alijar_nouns,i,1,0,2,2,sik'er,CVCVC,CV,лиса-PL,PL,,0.047463980769350655,,,334.20889706353984,2136.03724805377
86,Alijar_nouns,e,2,1,2,2,sik'er,CVCVC,CVC,лиса-PL,PL,105.77682264087798,0.10283862500028818,90.84836906013939,98.31259585050869,423.01377961837784,1759.7995207475003
87,Alijar_nouns,u,1,1,1,1,q'ˀul,CVC,CVC,мышь,NOM,104.38509769459355,0.12261528365419849,93.3103634178745,98.84773055623403,473.9359245901545,1399.8737549689242
88,Alijar_nouns,u,1,0,2,2,q'ˀuler,CVCVC,CV,мышь-PL,PL,103.49290114241802,0.05141931250014409,95.47680430304204,99.48485272273004,445.94209442076857,1391.024922545273
89,Alijar_nouns,e,2,1,2,2,q'ˀuler,CVCVC,CVC,мышь-PL,PL,98.31063096248975,0.08701729807717129,95.2380358277153,96.77433339510253,463.97839736541334,1713.8927780822103
90,Alijar_nouns,e,1,1,1,1,sen,CVC,CVC,год,NOM,99.79788616312972,0.0909726298079363,93.71076762127925,96.75432689220449,461.18055554904697,1743.6854861389525
91,Alijar_nouns,e,1,1,1,2,senbɨr,CVCCVC,CVC,год-PL,PL,101.79371245012051,0.1265706153849635,94.88441987919647,98.33906616465849,499.689504708344,1853.357348290148
92,Alijar_nouns,ɨ,2,0,1,2,senbɨr,CVCCVC,CVC,год-PL,PL,,0.0711959711540544,,,1148.7138563538863,2405.4084774159774
93,Alijar_nouns,ɨ,1,0,2,2,χɨdɨl,CVCVC,CV,племянник,NOM,,0.048353465320190026,,,465.8737497485431,1329.5208784634287
94,Alijar_nouns,ɨ,2,1,2,2,χɨdɨl,CVCVC,CVC,племянник,NOM,108.95491316658055,0.08849596483130995,93.4769039885956,101.21590857758807,426.6108980885818,1289.8276754228245
95,Alijar_nouns,ɨ,1,0,3,3,χɨdɨlar,CVCVCVC,CV,племянник-PL,PL,,0.0729863627474856,,,391.7011625194608,1267.4357231484403
96,Alijar_nouns,ɨ,2,0,3,3,χɨdɨlar,CVCVCVC,CV,племянник-PL,PL,103.2561524519878,0.06568772647270293,97.59923721752632,100.42769483475706,462.6498992205777,1163.5207134930179
97,Alijar_nouns,a,3,1,3,3,χɨdɨlar,CVCVCVC,CVC,племянник-PL,PL,104.8939329271633,0.1313754529454627,97.52078109405427,101.20735701060879,669.5559452112314,1257.7480764126292
98,Alijar_nouns,u,1,1,1,2,kuše,CVCV,CV,угол-LOC,LOC,112.7645834150178,0.11897682996567482,104.35552589781842,108.56005465641812,530.1229917961463,1650.5993454390916
99,Alijar_nouns,e,2,0,1,2,kuše,CVCV,CV,угол-LOC,LOC,,0.1207368422433035,,,1102.9173814975095,2307.244014603295
100,Alijar_nouns,u,1,1,1,3,kušenbɨr,CVCVCCVC,CV,угол-PL,PL,116.4520761795969,0.10097361996065501,104.36786716850187,110.40997167404939,495.8530201501541,1742.5689439615553
101,Alijar_nouns,e,2,0,1,3,kušenbɨr,CVCVCCVC,CVC,угол-PL,PL,107.7788554856226,0.07440161470782414,98.85900609144541,103.318930788534,725.0333824200836,1812.4288587998822
102,Alijar_nouns,ɨ,3,0,1,3,kušenbɨr,CVCVCCVC,CVC,угол-PL,PL,,0.06731574664044615,,,829.4416152012674,2263.9159752951573
103,Alijar_nouns,u,1,1,1,2,kumši,CVCCV,CVC,сосед,NOM,103.6603495550671,0.07889758659896984,95.52195067814738,99.59115011660724,462.9162126394795,1116.1051130377057
104,Alijar_nouns,i,2,0,1,2,kumši,CVCCV,CV,сосед,NOM,103.01630981198187,0.10697977843929607,96.81525296576508,99.91578138887348,415.27741540974426,2020.7973752539053
105,Alijar_nouns,u,1,0,2,2,kumšimar,CVCCVCVC,CVC,сосед-PL,PL,135.33207467352528,0.033282597736672415,130.38200345880972,132.8570390661675,471.9890212548055,2219.6599756998767
106,Alijar_nouns,i,2,1,2,2,kumšimar,CVCCVCVC,CV,сосед-PL,PL,100.13089077237319,0.14665144627718973,92.59163403323181,96.36126240280251,388.9401551347203,2188.1916579555527
107,Alijar_nouns,i,1,1,1,1,jik',CVC,CVC,сердце,NOM,102.76826713394271,0.08368236740022894,97.65638611280716,100.21232662337493,319.7451857811217,2124.2081897108274
108,Alijar_nouns,ɨ,1,0,2,2,mɨri,CVCV,CV,река,NOM,96.8896690361005,0.06697071286777145,92.26541115419367,94.57754009514709,1240.7176873666403,2078.643799438964
109,Alijar_nouns,i,2,1,2,2,mɨri,CVCV,CV,река,NOM,100.42504842541777,0.1004560693016856,94.65512698743295,97.54008770642537,449.4533519871587,1914.9686123873719
110,Alijar_nouns,ɨ,1,0,2,3,mɨribɨr,CVCVCVC,CV,река-PL,PL,102.0046790853148,0.09455829917197889,95.91755105756668,98.96111507144074,518.8048801573145,1054.7859592988664
111,Alijar_nouns,i,2,0,2,3,mɨribɨr,CVCVCVC,CV,река-PL,PL,100.51633379707032,0.0702433079562752,99.59319121799032,100.05476250753031,404.55345698837465,1786.4585268050118
112,Alijar_nouns,ɨ,3,1,2,3,mɨribɨr,CVCVCVC,CVC,река-PL,PL,,0.10604037835713598,,,450.66056497519503,1247.8958415611269
113,Alijar_nouns,e,1,1,1,1,lec',CVC,CVC,река2,NOM,108.7393758034229,0.14308451477472772,106.2445629506591,107.491969377041,381.5395511055061,1768.6400204315626
114,Alijar_nouns,e,1,1,2,2,lec'bɨr,CVCCVC,CVC,река2-PL,PL,100.77286407434062,0.09954131035038927,98.0799542760848,99.42640917521271,407.2001627802947,1756.961580529415
115,Alijar_nouns,ɨ,2,0,2,2,lec'bɨr,CVCCVC,CVC,река2-PL,PL,,0.07064222024865785,,,349.1411477889311,1331.4187693934114
116,Alijar_nouns,i,1,2,0,2,lirfaj,CVCCVC,CVC,голубь,NOM,99.38147436385258,0.08608697162225099,95.62753777035525,97.5045060671039,380.8608635199903,2086.870960520987
117,Alijar_nouns,a,2,2,0,2,lirfaj,CVCCVC,CVC,голубь,NOM,,0.09223604102385252,,,556.9203869454552,1270.096563632583
118,Alijar_nouns,i,1,2,0,3,lirfajmar,CVCCVCCVC,CVC,голубь-PL,PL,,0.10561097408702835,,,357.58987319442093,2077.3710596648634
119,Alijar_nouns,a,2,2,0,3,lirfajmar,CVCCVCCVC,CVC,голубь-PL,PL,,0.09052369207461197,,,581.373702643549,1166.0778258541088
120,Alijar_nouns,a,3,2,0,3,lirfajmar,CVCCVCCVC,CVC,голубь-PL,PL,126.86537235470328,0.12824189710568135,108.70231583586806,117.78384409528567,878.130112942049,2137.888697009682
121,Alijar_nouns,u,1,2,0,2,šuruk,CVCVC,CV,птица,NOM,92.75031018349837,0.08986451265764117,88.20163680076935,90.47597349213386,452.9811832767412,1211.359055135895
122,Alijar_nouns,u,2,2,0,2,šuruk,CVCVC,CVC,птица,NOM,,0.07811299946394001,,,459.85212762218964,1236.486726085235
123,Alijar_nouns,u,1,2,0,3,šurukmar,CVCVCCVC,CV,птица-PL,PL,105.90133647136426,0.07849543716332619,99.9336066288866,102.91747155012543,439.5795835202348,1438.967585163258
124,Alijar_nouns,u,2,2,0,3,šurukmar,CVCVCCVC,CVC,птица-PL,PL,101.64547494351923,0.06993229856374228,91.07436609593697,96.35992051972809,455.7133930442376,1005.3805559327529
125,Alijar_nouns,a,3,2,0,3,šurukmar,CVCVCCVC,CVC,птица-PL,PL,,0.049951641831228244,,,957.8075786650636,1268.4538225888198
126,Alijar_nouns,a,1,0,2,2,baluʁ,CVCVC,CV,рыба,NOM,101.62625167693152,0.1047317837231958,92.38489097947469,97.0055713282031,596.7465637303676,1062.7336613492694
127,Alijar_nouns,u,2,1,2,2,baluʁ,CVCVC,CVC,рыба,NOM,99.68157164450675,0.11636864858138551,88.79352307361378,94.23754735906027,532.1538148529708,2439.5140959267897
128,Alijar_nouns,a,1,2,0,3,baluʁmar,CVCVCCVC,CV,рыба-PL,PL,97.65787706209179,0.07447593509203898,90.52988472274981,94.0938808924208,569.819483528636,1078.9179892848429
129,Alijar_nouns,u,2,2,0,3,baluʁmar,CVCVCCVC,CVC,рыба-PL,PL,99.35723361311834,0.12102339452457045,92.71419344078237,96.03571352695036,567.0763174164397,621.3903532817102
130,Alijar_nouns,a,3,2,0,3,baluʁmar,CVCVCCVC,CVC,рыба-PL,PL,96.43885228285645,0.08378542697857938,87.95444761987271,92.19664995136458,389.486540407574,1228.948113872578
131,Alijar_nouns,ɨ,1,0,2,2,q'ɨrɨb,CVCVC,CV,кость,NOM,100.61429226290191,0.06302858422230884,89.86379758090871,95.2390449219053,485.4344191265493,1304.288224594748
132,Alijar_nouns,ɨ,2,1,2,2,q'ɨrɨb,CVCVC,CVC,кость,NOM,97.41047222978793,0.12965880182872525,89.51990551621468,93.4651888730013,434.2419022102117,1384.9132603146065
133,Alijar_nouns,ɨ,1,0,2,2,q'ɨrbɨd,CVCCVC,CVC,кость-GEN,GEN,96.24243518815557,0.10513786384848345,93.80496157798004,95.0236983830678,493.69374762256103,1267.5973451400298
134,Alijar_nouns,ɨ,2,1,2,2,q'ɨrbɨd,CVCCVC,CVC,кость-GEN,GEN,112.47404227875106,0.11097885628447557,100.70734270469329,106.59069249172217,426.2632777892877,1303.471355687945
135,Alijar_nouns,ɨ,1,2,0,2,q'ɨrba,CVCCV,CVC,кость-LOC,LOC,93.21496429149173,0.09649060227508244,82.52501589113695,87.86999009131434,476.02466290639825,1189.6130066250448
136,Alijar_nouns,ɨ,2,2,0,2,q'ɨrba,CVCCV,CV,кость-LOC,LOC,100.39647864938189,0.12329354735152265,86.10375285082293,93.25011575010241,520.4475648618683,1958.046042885853
137,Alijar_nouns,ɨ,1,2,0,3,q'ɨrbɨra,CVCCVCV,CVC,кость-ERG,ERG,172.6558904416272,0.0763496808423838,169.40808833763782,171.0319893896325,534.0926799704855,1182.1299528987747
138,Alijar_nouns,ɨ,2,2,0,3,q'ɨrbɨra,CVCCVCV,CV,кость-ERG,ERG,93.42720540784865,0.08725677810565458,90.15519571404126,91.79120056094496,585.2936411631151,1765.5431882277248
139,Alijar_nouns,a,3,2,0,3,q'ɨrbɨra,CVCCVCV,CV,кость-ERG,ERG,95.07509644170787,0.05453548631601279,84.19812265171143,89.63660954670965,501.362135340135,1334.8339711642839
140,Alijar_nouns,u,1,0,2,2,huʁal,CVCVC,CV,дождь,NOM,107.9879086062796,0.07006541615101014,98.03092815159134,103.00941837893546,529.0910595419396,2707.115595189186
141,Alijar_nouns,a,2,1,2,2,huʁal,CVCVC,CVC,дождь,NOM,95.26585685542601,0.13401158198314533,86.60518201286453,90.93551943414528,676.3637859274984,894.9843315284034
142,Alijar_nouns,u,1,0,2,2,huʁlad,CVCCVC,CVC,дождь-GEN,GEN,103.46754513349083,0.08432624598424354,92.0377510195278,97.75264807650932,490.79754649013756,831.2534654695597
143,Alijar_nouns,a,2,1,2,2,huʁlad,CVCCVC,CVC,дождь-GEN,GEN,202.6203616498103,0.11612138791269899,94.88415730747779,148.75225947864405,367.2259612793998,1064.069051427046
144,Alijar_nouns,u,3,2,0,3,huʁlara,CVCCVCV,CVC,дождь-ERG,ERG,95.6886918708901,0.12549784534115815,84.3204377373297,90.00456480410989,502.8486120385019,1336.1078737935236
145,Alijar_nouns,a,1,2,0,3,huʁlara,CVCCVCV,CV,дождь-ERG,ERG,100.58471480732688,0.11248892234846153,96.77296626763838,98.67884053748263,553.7540067662834,1132.897672262594
146,Alijar_nouns,a,2,2,0,3,huʁlara,CVCCVCV,CV,дождь-ERG,ERG,103.19281088648256,0.15610707591213213,95.40624910935969,99.29952999792113,541.6980079847562,1213.6139485000053
147,Alijar_nouns,u,1,0,2,3,huʁalbɨr,CVCVCCVC,CV,дождь-PL,PL,94.05787841233013,0.0979495378271622,78.63039558838261,86.34413700035637,502.96362581835575,2410.837078967315
148,Alijar_nouns,a,2,1,2,3,huʁalbɨr,CVCVCCVC,CVC,дождь-PL,PL,93.91702153575955,0.1101932300555859,88.93925831935731,91.42813992755842,600.8757554968754,926.8354367194156
149,Alijar_nouns,ɨ,3,0,2,3,huʁalbɨr,CVCVCCVC,CVC,дождь-PL,PL,,0.09182769171297878,,,455.0368466190041,1286.701092837874
150,Alijar_nouns,ɨ,1,0,2,2,kɨli,CVCV,CV,палец ноги,NOM,,0.0703856370645326,,,395.54942886998697,1601.520668740925
151,Alijar_nouns,e,2,1,2,2,kɨli,CVCV,CV,палец ноги,NOM,106.21873031167557,0.09429019304866415,99.53632260273842,102.877526457207,430.6289705642306,1710.545755624497
152,Alijar_nouns,ɨ,1,0,3,3,kɨlija,CVCVCV,CV,палец ноги-LOC,LOC,179.88654980499112,0.0731590347323845,165.73495356382122,172.81075168440617,313.965662272685,2035.1258130796969
153,Alijar_nouns,i,2,0,3,3,kɨlija,CVCVCV,CV,палец ноги-LOC,LOC,98.82874860234091,0.08941659800626667,89.87383379991564,94.35129120112828,238.55029161814954,2211.6500004821532
154,Alijar_nouns,a,3,1,3,3,kɨlija,CVCVCV,CV,палец ноги-LOC,LOC,93.41354438047303,0.07722342555086925,86.2852990690586,89.84942172476582,598.8932684544352,1317.5924922477884
155,Alijar_nouns,ɨ,1,0,2,3,kɨlabɨr,CVCVCVC,CV,палец ноги-PL,PL,104.551532785461,0.06676603214583565,95.16312302520177,99.85732790533139,470.75767071264085,1499.5828174453477
156,Alijar_nouns,a,2,1,2,3,kɨlabɨr,CVCVCVC,CV,палец ноги-PL,PL,97.51111589107435,0.11127672024298363,85.57228368175494,91.54169978641465,1044.5009414294134,2660.451319128613
157,Alijar_nouns,ɨ,3,0,2,3,kɨlabɨr,CVCVCVC,CVC,палец ноги-PL,PL,,0.06676603214577881,,,752.2602088448168,1848.6254982937471
158,Alijar_nouns,ɨ,1,0,2,2,ʁɨlʁɨd,CVCCVC,CVC,яйцо-GEN,GEN,100.82390095429926,0.07019906910875307,94.31886048065604,97.57138071747765,423.920795465204,1034.3226879402903
159,Alijar_nouns,ɨ,2,1,2,2,ʁɨlʁɨd,CVCCVC,CVC,яйцо-GEN,GEN,106.75795849048825,0.06256873550989894,103.07947848616234,104.9187184883253,427.0936752562218,1273.6141999614006
160,Alijar_nouns,ɨ,1,0,2,3,ʁɨlɨʁmar,CVCVCCVC,CV,яйцо-PL,PL,94.92575358974271,0.0793554694271279,93.86889989989119,94.39732674481695,531.1659064826819,967.3432617495438
161,Alijar_nouns,ɨ,2,1,2,3,ʁɨlɨʁmar,CVCVCCVC,CVC,яйцо-PL,PL,97.89000870320069,0.1587109388543695,88.8580982306851,93.3740534669429,596.0902693503591,1912.456419184764
162,Alijar_nouns,a,3,0,2,3,ʁɨlɨʁmar,CVCVCCVC,CVC,яйцо-PL,PL,,0.10987680382231702,,,576.1825053049747,1012.2345903544596
163,Alijar_nouns,ɨ,1,0,2,2,ʁɨlʁɨ,CVCCV,CVC,яйцо-LOC,LOC,91.70893416220866,0.054304327857721546,87.40124361956174,89.5550888908852,734.5703633157564,2605.225702898871
164,Alijar_nouns,ɨ,2,1,2,2,ʁɨlʁɨ,CVCCV,CV,яйцо-LOC,LOC,99.53697148723347,0.13461354511218815,89.9532796628537,94.74512557504359,672.6673496689868,2197.093071355078
165,Alijar_nouns,u,1,0,2,2,ubra,VCCV,VC,ухо-LOC,LOC,96.53384278080668,0.10216168351428223,95.80579517581923,96.16981897831295,544.1458552277621,2419.066919261226
166,Alijar_nouns,a,2,1,2,2,ubra,VCCV,CV,ухо-LOC,LOC,99.11895233173763,0.13511706529311596,90.99671034049277,95.0578313361152,582.3255289187011,1231.4797834360304
167,Alijar_nouns,u,1,0,2,2,ubur,VCVC,V,ухо,NOM,,0.09886614533638749,,,504.65866300669575,1229.8995742820687
168,Alijar_nouns,u,2,1,2,2,ubur,VCVC,CVC,ухо,NOM,103.35289996744788,0.17136798524984442,87.46219898883129,95.40754947813959,535.5761082128489,1008.8600325637844
169,Alijar_nouns,u,1,0,2,2,ubrɨd,VCCVC,VC,ухо-GEN,GEN,105.57028635075422,0.09111420277247362,93.2311592520506,99.40072280140241,600.6791624565291,2354.668313076201
170,Alijar_nouns,ɨ,2,1,2,2,ubrɨd,VCCVC,CVC,ухо-GEN,GEN,111.99861259194724,0.11063867479515466,101.21601474067278,106.60731366631,418.98984963176014,1153.0249853471764
171,mitNR_nouns,ɨ,1,0,2,2,xɨdɨldɨ,CVCVCCV,CV,женщина,NOM,233.23983447717498,0.0654267281617793,218.65740575755498,225.94862011736498,432.2396191841704,1586.1041348552287
172,mitNR_nouns,ɨ,2,2,2,2,xɨdɨldɨ,CVCVCCV,CVC,женщина,NOM,243.84413045894388,0.10763752052421882,205.66627420379334,224.7552023313686,439.45201902701797,1109.8374389596988
173,mitNR_nouns,ɨ,1,0,2,2,xɨle,CVCV,CV,женщина-PL,PL,214.90908881987127,0.06267541404005605,198.43035416578974,206.6697214928305,415.31063858687685,1978.3881539076558
174,mitNR_nouns,e,2,1,2,2,xɨle,CVCV,CV,женщина-PL,PL,194.17363972756795,0.13104859299284222,87.1168501446986,140.64524493613328,530.8744363605193,2120.682873956014
175,mitNR_nouns,ɨ,1,2,0,3,xɨlešdɨ,CVCVCCV,CV,женщина-OBL|GEN?,OBL|GEN?,220.88776983870196,0.05524602567760439,212.55216054222873,216.71996519046536,427.84323326641277,1891.9491751461862
176,mitNR_nouns,e,2,2,0,3,xɨlešdɨ,CVCVCCV,CVC,женщина-OBL|GEN?,OBL|GEN?,239.51208446376972,0.07649449709206735,229.13794650494464,234.32501548435718,489.7018576184247,2419.2569310609842
177,mitNR_nouns,ɨ,3,2,0,3,xɨlešdɨ,CVCVCCV,CV,женщина-OBL|GEN?,OBL|GEN?,275.97380901737097,0.07649449709206735,244.63678392654077,260.3052964719559,532.8510237721745,2235.7977143081484
178,mitNR_nouns,ɨ,1,2,0,3,xɨlešdɨ,CVCVCCV,CV,женщина-OBL|GEN?,OBL|GEN?,222.12800935296838,0.05696701502749235,216.01305658458466,219.07053296877652,430.8152578727489,1680.8136165144083
179,mitNR_nouns,e,2,2,0,3,xɨlešdɨ,CVCVCCV,CVC,женщина-OBL|GEN?,OBL|GEN?,259.528775294644,0.07689714186129848,247.68170723179907,253.60524126322153,525.8626664090472,2173.709582010233
180,mitNR_nouns,ɨ,3,2,0,3,xɨlešdɨ,CVCVCCV,CV,женщина-OBL|GEN?,OBL|GEN?,242.61414637042583,0.06001728145271912,206.1992478547208,224.4066971125733,625.3880214809387,1531.1038613151034
181,mitNR_nouns,ɨ,1,0,2,3,vɨγɨldɨ,CVCVCCV,CV,мужчина,NOM,198.80243538317157,0.050283107837159946,186.48744944806577,192.6449424156187,467.4501761075566,941.1312114520608
182,mitNR_nouns,ɨ,2,1,2,3,vɨγɨldɨ,CVCVCCV,CVC,мужчина,NOM,209.50405709775833,0.10685160415395956,198.4575565001849,203.98080679897163,444.7362822713137,1078.0027781774306
183,mitNR_nouns,ɨ,3,0,2,3,vɨγɨldɨ,CVCVCCV,CV,мужчина,NOM,,0.05971119055661944,,,582.4429147186806,1486.2648162288835
184,mitNR_nouns,ɨ,1,0,2,2,vɨγle,CVCCV,CVC,мужчина-PL,PL,192.18560878655475,0.07334736110135509,189.79865322660447,190.9921310065796,420.3979564627165,985.6619392675342
185,mitNR_nouns,e,2,1,2,2,vɨγle,CVCCV,CV,мужчина-PL,PL,190.52602978107566,0.13823156515255874,113.64259487252946,152.08431232680255,392.7571555985613,2380.6341810741433
186,mitNR_nouns,ɨ,1,0,2,3,vɨγlešdɨ,CVCCVCCV,CVC,мужчина-GEN,GEN,190.59384152709774,0.05132187160326396,180.3159664602481,185.45490399367293,373.55915872912936,908.7691652029693
187,mitNR_nouns,e,2,1,2,3,vɨγlešdɨ,CVCCVCCV,CVC,мужчина-GEN,GEN,227.64143249888986,0.08609919249231979,216.6477969855725,222.14461474223117,459.3013155138586,2314.87220024502
188,mitNR_nouns,ɨ,3,0,2,3,vɨγlešdɨ,CVCCVCCV,CV,мужчина-GEN,GEN,264.0773084787728,0.04659485711349021,238.62446878973972,251.35088863425625,504.39582536684645,1945.677298757282
189,mitNR_nouns,i,1,0,2,2,t’ilí ,CVCV,CV,палец,NOM,250.7479325827187,0.08720947628654585,217.06659913267248,233.9072658576956,464.2242204594295,2413.7473825814527
190,mitNR_nouns,i,2,1,2,2,t’ilí ,CVCV,CV,палец,NOM,205.47231913641977,0.12386273443594575,179.67974310500773,192.57603112071376,379.7902392413581,2388.6979462995505
191,mitNR_nouns,ɨ,1,0,2,3,t’ɨlabɨr,CVCVCVC,CV,палец-PL,PL,234.97731574065497,0.05410881724945682,219.82264060995092,227.39997817530295,511.7322486756168,1363.745886756282
192,mitNR_nouns,a,2,1,2,3,t’ɨlabɨr,CVCVCVC,CV,палец-PL,PL,205.812127129399,0.16232645174838467,185.16063045465827,195.48637879202863,775.2049330103112,1462.3323932700964
193,mitNR_nouns,ɨ,3,0,2,3,t’ɨlabɨr,CVCVCVC,CVC,палец-PL,PL,,0.0721450896659519,,,498.3339865528624,1250.9707395638438
194,mitNR_nouns,i,1,0,2,4,t’ilijera,CVCVCVCV,CV,палец-ERG,ERG,245.88078989850268,0.0586899599242372,221.76320958060086,233.82199973955176,485.896671033646,2077.8550896149145
195,mitNR_nouns,i,2,1,2,4,t’ilijera,CVCVCVCV,CV,палец-ERG,ERG,271.5503638950032,0.16433188778788121,238.91673645306403,255.2335501740336,523.9915693711404,2030.4895346000908
196,mitNR_nouns,e,3,0,2,4,t’ilijera,CVCVCVCV,CV,палец-ERG,ERG,255.62090631095882,0.08999127188383227,246.72629782328823,251.1736020671235,724.9276342444344,2131.750754531241
197,mitNR_nouns,a,4,0,2,4,t’ilijera,CVCVCVCV,CV,палец-ERG,ERG,292.82219349590395,0.08216594389394061,279.23484472670737,286.0285191113056,659.3509374843288,1727.0320290052864
198,mitNR_nouns,a,1,0,2,3,baqaq'aj,CVCVCVC,CV,клещ,NOM,217.27826345490757,0.10955459185859695,202.5564912955989,209.91737737525324,642.6958247954873,1240.1474328867127
199,mitNR_nouns,a,2,1,2,3,baqaq'aj,CVCVCVC,CV,клещ,NOM,217.45626262407686,0.1525938958030224,178.03986570722427,197.74806416565056,720.1947393623196,1142.8432676900763
200,mitNR_nouns,a,3,0,2,3,baqaq'aj,CVCVCVC,CVC,клещ,NOM,,0.10955459185856853,,,753.2656432113345,1601.7171414871227
201,mitNR_nouns,a,1,0,2,4,baq’aq'ajmar,CVCVCVCCVC,CV,клещ-PL,PL,221.80172910193582,0.07647856552128474,211.77517945905188,216.78845428049385,779.2958762561232,1334.447641030027
202,mitNR_nouns,a,2,1,2,4,baq’aq'ajmar,CVCVCVCCVC,CV,клещ-PL,PL,240.87606122313593,0.08040054324033008,227.93754905746283,234.40680514029938,756.3099119838017,1209.0941700327248
203,mitNR_nouns,a,3,0,2,4,baq’aq'ajmar,CVCVCVCCVC,CVC,клещ-PL,PL,188.73559284117005,0.04902472148802417,79.23997123115791,133.987782036164,838.0920061105811,1656.5095685436077
204,mitNR_nouns,a,4,0,2,4,baq’aq'ajmar,CVCVCVCCVC,CVC,клещ-PL,PL,149.7407583490499,0.09216647639743769,143.7416915127968,146.74122493092335,567.2551502437582,1494.7435552419386
205,mitNR_nouns,a,1,0,4,4,baqaq'aja,CVCVCVCV,CV,клещ-LOC?,LOC,242.95577345795041,0.07192362351364068,237.6994288928965,240.32760117542347,682.3368120685751,1136.8566073604582
206,mitNR_nouns,a,2,0,4,4,baqaq'aja,CVCVCVCV,CV,клещ-LOC?,LOC,254.50416761375442,0.10655351631652366,248.05307419217445,251.27862090296443,676.6722422523596,1274.6720888963364
207,mitNR_nouns,a,3,0,4,4,baqaq'aja,CVCVCVCV,CV,клещ-LOC?,LOC,251.0666905606933,0.10655351631652366,241.2597305423217,246.16321055150752,707.5876146491527,1501.7766157984313
208,mitNR_nouns,a,4,1,4,4,baqaq'aja,CVCVCVCV,CV,клещ-LOC?,LOC,283.4191059814839,0.05594059606616497,274.8874563056795,279.1532811435817,695.2188994120842,1682.016971052015
209,mitNR_nouns,a,1,0,2,5,baq’aq’ajikan,CVCVCVCVCVC,CV,клещ-COM,COM,210.7653527660777,0.0821976719903148,204.0959316213783,207.430642193728,824.233788272064,1419.9703908431004
210,mitNR_nouns,a,2,1,2,5,baq’aq’ajikan,CVCVCVCVCVC,CV,клещ-COM,COM,214.04697161241242,0.09398783094806618,203.44974036547768,208.74835598894504,757.8955717954788,1478.9814549744895
211,mitNR_nouns,a,3,0,2,5,baq’aq’ajikan,CVCVCVCVCVC,CV,клещ-COM,COM,162.64419147193522,0.059780125083875646,162.32854509461328,162.48636828327426,682.6826565893643,1786.0069983566138
212,mitNR_nouns,i,4,0,2,5,baq’aq’ajikan,CVCVCVCVCVC,CV,клещ-COM,COM,234.2037698356894,0.07694456667073268,150.85243355514666,192.52810169541803,102.27949687801532,487.12736957686053
213,mitNR_nouns,a,5,0,2,5,baq’aq’ajikan,CVCVCVCVCVC,CVC,клещ-COM,COM,,0.06778449920992102,,,711.7067586575784,1714.5039712591156
214,mitNR_nouns,a,1,2,0,3,ʁˀɨbribɨr,CVCCVCVC,CVC,ресница-PL,PL,197.41397027569127,0.13430201024803523,186.14968560486798,191.78182794027964,591.8602217590783,1351.288452167456
215,mitNR_nouns,i,2,2,0,3,ʁˀɨbribɨr,CVCCVCVC,CV,ресница-PL,PL,202.73160264901443,0.10264510783241576,184.94154997170162,193.83657631035803,403.8527624235464,2173.080072850733
216,mitNR_nouns,ɨ,3,2,0,3,ʁˀɨbribɨr,CVCCVCVC,CVC,ресница-PL,PL,164.43766076231196,0.0623545047580194,151.8357350998706,158.13669793109128,449.08970552841345,1244.663459063045
217,mitNR_nouns,ɨ,1,0,2,2,ʁˀɨbri,CVCCV,CVC,ресница,NOM,193.92961066076083,0.11062516948553025,185.6006991042209,189.76515488249086,581.414842045833,1249.6518779554701
218,mitNR_nouns,i,2,1,2,2,ʁˀɨbri,CVCCV,CV,ресница,NOM,181.02487292343747,0.1483996176025073,110.38289442591734,145.7038836746774,436.4540191271445,2112.679668040192
219,mitNR_nouns,ɨ,1,0,2,2,q'ɨrɨb,CVCVC,CV,кость,NOM,209.05546557883173,0.10277470932658161,193.16641425682576,201.11093991782874,642.20906825436,1420.3039912823606
220,mitNR_nouns,ɨ,2,1,2,2,q'ɨrɨb,CVCVC,CVC,кость,NOM,188.13045146827298,0.11359309978206511,158.70077714960198,173.41561430893748,466.9009100773697,1427.3201919460616
221,mitNR_nouns,ɨ,1,2,0,3,q'ɨrɨbɨr,CVCVCVC,CV,кость-PL,PL,211.36847513535272,0.08794680578142788,186.78335186932543,199.07591350233906,624.921884934208,1355.0024672760214
222,mitNR_nouns,ɨ,2,2,0,3,q'ɨrɨbɨr,CVCVCVC,CV,кость-PL,PL,184.2930088647077,0.09492671100213102,179.78932396293783,182.04116641382276,396.86732524633067,1510.2115426404157
223,mitNR_nouns,ɨ,3,2,0,3,q'ɨrɨbɨr,CVCVCVC,CVC,кость-PL,PL,167.31323577305275,0.11726240770855156,148.21993619313477,157.76658598309376,474.6764838530404,1310.5071033883542
224,mitNR_nouns,ɨ,1,0,2,2,q'ɨrbɨd,CVCCVC,CVC,кость-GEN,GEN,231.43161167295403,0.09145600610651172,196.45843775893252,213.94502471594328,538.3879094281306,1309.9537922220939
225,mitNR_nouns,ɨ,2,1,2,2,q'ɨrbɨd,CVCCVC,CVC,кость-GEN,GEN,270.04284722523994,0.11905049070753648,249.85775890282022,259.9503030640301,546.2104439989236,1416.0844344298305
226,mitNR_nouns,u,1,0,2,2,huʁal,CVCVC,CV,дождь,NOM,190.52106634810923,0.07077229162706544,174.5140556777415,182.51756101292537,487.5616513027424,909.8828519079816
227,mitNR_nouns,a,2,1,2,2,huʁal,CVCVC,CVC,дождь,NOM,179.26348830387678,0.13092873951012507,154.36435259121023,166.81392044754352,630.8248825743776,996.998705583722
228,mitNR_nouns,u,1,2,0,3,huʁlara,CVCCVCV,CVC,дождь-ERG,ERG,216.89861578097722,0.07180363055067573,185.3427381155647,201.12067694827095,548.7595316961977,995.7504721222532
229,mitNR_nouns,a,2,2,0,3,huʁlara,CVCCVCV,CV,дождь-ERG,ERG,227.7996225424617,0.11238829129661099,206.12754907656236,216.96358580951204,779.9793177985395,1367.7365353854877
230,mitNR_nouns,a,3,2,0,3,huʁlara,CVCCVCV,CV,дождь-ERG,ERG,244.8518679767598,0.0499503516873574,238.89975718772405,241.8758125822419,729.8554180513687,1483.269529586931
231,mitNR_nouns,u,1,0,2,2,huʁlad,CVCCVC,CVC,дождь-GEN,GEN,199.1374622364582,0.10138881412080991,187.75410145865914,193.44578184755866,599.4504179661407,929.9611204075952
232,mitNR_nouns,a,2,1,2,2,huʁlad,CVCCVC,CVC,дождь-GEN,GEN,255.11282801006266,0.15669180364125168,230.61266574794516,242.8627468790039,872.6524230500334,1559.3785242507856
233,mitNR_nouns,ɨ,1,0,2,2,ʁɨlɨʁ,CVCVC,CV,яйцо,NOM,210.207589080946,0.13142633789863112,198.84356165550915,204.52557536822758,544.3688405822719,1014.2241739040064
234,mitNR_nouns,ɨ,2,1,2,2,ʁɨlɨʁ,CVCVC,CVC,яйцо,NOM,208.77542283448742,0.08411285625510345,195.42178779115739,202.0986053128224,465.091937716934,1217.8470372671754
235,mitNR_nouns,ɨ,1,0,2,2,ʁɨlʁɨd,CVCCVC,CVC,яйцо-GEN,GEN,193.6230391089742,0.046719751196917514,189.05852992344202,191.34078451620812,579.9937002448638,1051.5416057175087
236,mitNR_nouns,ɨ,2,1,2,2,ʁɨlʁɨd,CVCCVC,CVC,яйцо-GEN,GEN,267.39000212121397,0.09981037755704847,208.92233524152167,238.15616868136783,535.6773222096831,1195.4417768881497
237,mitNR_nouns,ɨ,1,0,2,3,ʁɨlɨʁmar,CVCVCCVC,CV,яйцо-PL,PL,211.14564578069107,0.037049069291981596,202.0558245613748,206.60073517103294,511.95489714958995,1220.1843968315034
238,mitNR_nouns,ɨ,2,1,2,3,ʁɨlɨʁmar,CVCVCCVC,CVC,яйцо-PL,PL,234.36276218518148,0.10558984748200828,216.11506380515658,225.23891299516902,481.0804647532108,1118.3449807205673
239,mitNR_nouns,a,3,0,2,3,ʁɨlɨʁmar,CVCVCCVC,CVC,яйцо-PL,PL,148.92895958596776,0.07039323165463429,143.7073027231493,146.31813115455853,526.9429471763305,1417.667354485625
240,mitNR_nouns,e,1,1,1,2,ebɨr,VCVC,V,кровь,NOM,228.74174114368395,0.13293955170081517,187.21149295906707,207.9766170513755,514.4254635852448,2363.2720251745627
241,mitNR_nouns,ɨ,2,0,1,2,ebɨr,VCVC,CVC,кровь,NOM,155.3656394891637,0.09344301822449097,152.60662056664953,153.9861300279066,476.26118058924067,1270.167418490516
242,mitNR_nouns,e,1,2,0,3,ebɨrbɨr,VCVCCVC,V,кровь-PL,PL,229.08802254060762,0.11538237073602886,195.15458491342682,212.12130372701722,505.6337088988061,2238.9853628490155
243,mitNR_nouns,ɨ,2,2,0,3,ebɨrbɨr,VCVCCVC,CVC,кровь-PL,PL,200.3682624801961,0.08571261826102727,165.5067350173841,182.93749874879012,401.3968948132242,1243.965779441861
244,mitNR_nouns,ɨ,3,2,0,3,ebɨrbɨr,VCVCCVC,CVC,кровь-PL,PL,177.32144040915296,0.1351622057193822,158.72977042073086,168.0256054149419,483.1615406893823,1371.5576004498525
245,mitNR_nouns,e,1,0,3,3,ebɨrdɨd,VCVCCVC,V,кровь-GEN,GEN,238.76549275216567,0.07285983113916927,204.03960766876534,221.4025502104655,414.4377196906826,2282.9042000196723
246,mitNR_nouns,ɨ,2,0,3,3,ebɨrdɨd,VCVCCVC,CVC,кровь-GEN,GEN,208.89985638485854,0.09401268534082874,186.9513875366983,197.92562196077841,554.5420287047633,1185.4593960541754
247,mitNR_nouns,ɨ,3,1,3,3,ebɨrdɨd,VCVCCVC,CVC,кровь-GEN,GEN,246.64434308367123,0.0693343554388548,225.9348148342374,236.2895789589543,436.2105526444559,2130.60095583731
248,mitNR_nouns,i,1,1,1,2,t'ili,CVCV,CV,лист,NOM,265.7772588010164,0.11165696999557895,223.84063013392344,244.80894446746993,492.34905906765505,2310.183642534392
249,mitNR_nouns,i,2,0,1,2,t'ili,CVCV,CV,лист,NOM,150.8110489433365,0.05866722152308057,142.73881736325805,146.77493315329727,432.7939529368619,2131.7463456411065
250,mitNR_nouns,i,1,1,1,3,t'ilibɨr,CVCVCVC,CV,лист-PL,PL,242.2455064148703,0.0777161652319478,219.11162414582262,230.67856528034645,459.55317087844526,2369.4486486327096
251,mitNR_nouns,i,2,0,1,3,t'ilibɨr,CVCVCVC,CV,лист-PL,PL,186.2349973617603,0.08990693624872392,179.78198210693733,183.0084897343488,387.381683539992,1909.2060206339154
252,mitNR_nouns,ɨ,3,0,1,3,t'ilibɨr,CVCVCVC,CVC,лист-PL,PL,185.0534992192368,0.16914694785782558,151.1787784429081,168.11613883107248,430.68817778954934,1087.7076615957753
253,mitNR_nouns,i,1,0,3,3,t'ilijed,CVCVCVC,CV,лист-GEN,GEN,250.50412904555537,0.0782219676175373,117.1873219116854,183.84572547862038,457.9719317496401,2477.7129025456147
254,mitNR_nouns,i,2,0,3,3,t'ilijed,CVCVCVC,CV,лист-GEN,GEN,231.61468152103816,0.08169849951167407,221.45515969704593,226.53492060904205,451.8692211204378,2548.3705099367094
255,mitNR_nouns,e,3,1,3,3,t'ilijed,CVCVCVC,CVC,лист-GEN,GEN,247.1204592362029,0.09734289303514743,236.13027720186744,241.62536821903518,560.1831742263645,2313.367228340341
256,mitNR_nouns,i,1,0,3,3,t'ilija,CVCVCV,CV,лист-LOC,LOC,242.75208229385424,0.0653176217505802,209.209230109805,225.98065620182962,470.09554394133556,2447.2345481261063
257,mitNR_nouns,i,2,0,3,3,t'ilija,CVCVCV,CV,лист-LOC,LOC,224.06638202433197,0.09097811600969408,213.77256540936602,218.91947371684898,429.11852868860285,2701.753709329733
258,mitNR_nouns,a,3,1,3,3,t'ilija,CVCVCV,CV,лист-LOC,LOC,244.4187976795008,0.09331088821505773,230.28747525679347,237.35313646814714,729.0355159294769,1592.994425109749
259,mitNR_nouns,i,1,2,0,4,t'ilijera,CVCVCVCV,CV,лист-ERG,ERG,217.47532289222679,0.06257299154992779,207.0166529827161,212.24598793747145,435.0106241393165,2218.889402853601
260,mitNR_nouns,i,2,2,0,4,t'ilijera,CVCVCVCV,CV,лист-ERG,ERG,252.33779320217528,0.17093109886798175,229.02711404331833,240.6824536227468,431.59372932131083,2692.2540953350467
261,mitNR_nouns,e,3,2,0,4,t'ilijera,CVCVCVCV,CV,лист-ERG,ERG,226.523945413441,0.07020384417791092,217.22094254550936,221.87244397947518,532.151926063217,2010.6710934716107
262,mitNR_nouns,a,4,2,0,4,t'ilijera,CVCVCVCV,CV,лист-ERG,ERG,263.80227780290323,0.1526170525606858,235.06634129216218,249.4343095475327,650.2509663190641,1606.226955115976
263,mitNR_nouns,a,1,0,2,2,dahar,CVCVC,CV,камень,NOM,200.47565117980494,0.08357533833674324,180.61685937601916,190.54625527791205,792.85390085666,1531.1067725778125
264,mitNR_nouns,a,2,1,2,2,dahar,CVCVC,CVC,камень,NOM,197.17629191565572,0.13873506163901084,180.25822162067982,188.71725676816777,850.8262699164689,1617.3056802772373
265,mitNR_nouns,a,1,0,2,3,daharbɨr,CVCVCCVC,CV,камень-PL,PL,185.0943712140941,0.0657164499253895,164.85717976239374,174.97577548824393,833.9765940292693,1633.0604429245554
266,mitNR_nouns,a,2,1,2,3,daharbɨr,CVCVCCVC,CVC,камень-PL,PL,181.03723200663953,0.12116470455009676,171.70366838522625,176.3704501959329,827.5470386585564,1699.9731898201169
267,mitNR_nouns,ɨ,3,0,2,3,daharbɨr,CVCVCCVC,CVC,камень-PL,PL,175.54757698145065,0.12321834361011952,166.2469812932725,170.89727913736158,421.8242282212581,1294.2591855203705
268,mitNR_nouns,a,1,0,2,2,dahrad,CVCCVC,CVC,камень-GEN,GEN,205.1808544036194,0.08922570802792507,156.73123528522984,180.95604484442464,754.218363493341,1557.7716632839363
269,mitNR_nouns,a,2,1,2,2,dahrad,CVCCVC,CVC,камень-GEN,GEN,213.05469452686972,0.13986732609782848,197.08624063071636,205.07046757879306,680.802172488004,1709.2434093441627
270,mitNR_nouns,ü,1,0,2,2,jüt'el,CVCVC,CV,узел,NOM,220.95377731984206,0.05825281187458131,218.17737728489044,219.56557730236625,437.07140843862794,2541.874913819879
271,mitNR_nouns,e,2,1,2,2,jüt'el,CVCVC,CVC,узел,NOM,228.55804059779507,0.09466081929622305,150.25397633440926,189.40600846610215,479.15128134442307,2176.2544768361295
272,mitNR_nouns,ü,1,0,3,3,jüt'ele,CVCVCV,CV,узел-LOC,LOC,225.8657842934624,0.045288022556178475,218.57297041606407,222.21937735476325,443.0997105298731,2319.8508814204997
273,mitNR_nouns,e,2,0,3,3,jüt'ele,CVCVCV,CV,узел-LOC,LOC,228.8911637813516,0.07315757489834596,216.45016974045316,222.67066676090238,448.3649103591742,1991.67974863746
274,mitNR_nouns,a,3,1,3,3,jüt'ele,CVCVCV,CV,узел-LOC,LOC,232.51571241708413,0.05399725766301344,113.25932028204721,172.88751634956566,703.125489153732,1606.6633783449313
275,mitNR_nouns,ü,1,0,2,3,jüt'elbɨr,CVCVCCVC,CV,узел-PL,PL,222.42635439324408,0.05329677946940592,219.6661354248479,221.04624490904598,439.37465010638283,2077.9240281673297
276,mitNR_nouns,e,2,1,2,3,jüt'elbɨr,CVCVCCVC,CVC,узел-PL,PL,208.68435319889988,0.09771076236040699,176.66800456674653,192.6761788828232,500.7437175126023,2086.0794161088056
277,mitNR_nouns,ɨ,3,0,2,3,jüt'elbɨr,CVCVCCVC,CVC,узел-PL,PL,183.78375657777377,0.07994516920405204,171.14644389468347,177.46510023622864,389.86267469253136,1204.5798632660922
278,mitNR_nouns,a,1,0,2,2,maqˁaqˁ,CVCVC,CV,перо,NOM,186.05353130478926,0.05941779560021132,180.2984165637295,183.1759739342594,732.5134902808266,1377.9233782184385
279,mitNR_nouns,a,2,1,2,2,maqˁaqˁ,CVCVC,CVC,перо,NOM,189.1691141982214,0.12293337020719264,175.64652260939755,182.40781840380947,833.7645779867879,1620.724948944235
280,mitNR_nouns,a,1,0,2,3,maqˁaqˁbɨr,CVCVCCVC,CV,перо-PL,PL,179.46612340198874,0.06819088519932848,168.40151981122446,173.9338216066066,819.5904448762915,1532.0126992612447
281,mitNR_nouns,a,2,1,2,3,maqˁaqˁbɨr,CVCVCCVC,CVC,перо-PL,PL,177.66796476560643,0.07698970909598302,74.30934348218783,125.98865412389713,867.6948521357324,1624.5677319496606
282,mitNR_nouns,ɨ,3,0,2,3,maqˁaqˁbɨr,CVCVCCVC,CVC,перо-PL,PL,174.89847174625174,0.1253832405278672,157.38393042419352,166.14120108522263,409.3125091500778,1068.9663288399802
283,mitNR_nouns,ɨ,1,0,2,2,q'ɨdɨq',CVCVC,CV,кожа,NOM,249.25530448833678,0.0791882006275273,221.6821125290872,235.46870850871198,645.2282201636465,1383.526737067646
284,mitNR_nouns,ɨ,2,1,2,2,q'ɨdɨq',CVCVC,CVC,кожа,NOM,267.7563218213736,0.09830259388252216,220.33511828078244,244.04572005107804,661.1381601562131,1427.5458842343292
285,mitNR_nouns,a,1,1,1,1,aqˁ,VC,VC,тень,NOM,224.18377637713965,0.17653885679567338,193.95451271123792,209.0691445441888,927.3384570794694,1774.1180905813571
286,mitNR_nouns,a,1,0,2,2,aqˁbɨr,VCCVC,VC,тень-PL,PL,213.22579127110913,0.18029500268494303,178.47279894891457,195.84929511001184,884.7645235749081,1648.4667590836784
287,mitNR_nouns,ɨ,2,1,2,2,aqˁbɨr,VCCVC,CVC,тень-PL,PL,203.11631371086628,0.1690265650171341,166.6939861931471,184.9051499520067,467.2912103655168,1197.2788634078356
288,mitNR_nouns,a,1,0,2,2,aqˁad,VCVC,V,тень-GEN,GEN,206.89363271411324,0.08525235237686957,203.47594767713287,205.18479019562307,828.4103495391795,1614.7399472989764
289,mitNR_nouns,a,2,1,2,2,aqˁad,VCVC,CVC,тень-GEN,GEN,231.2252433334762,0.0981693754644084,220.1377723855346,225.6815078595054,708.1045663956395,1766.316636497962
290,mitNR_nouns,a,1,0,3,3,maqˁaqˁad,CVCVCVC,CV,перо-GEN,GEN,212.99977864217462,0.05928497644492836,178.17146764777834,195.58562314497647,841.8851250151679,1633.070036069179
291,mitNR_nouns,a,2,0,3,3,maqˁaqˁad,CVCVCVC,CV,перо-GEN,GEN,215.74662883261527,0.06708563124016109,209.33958461551092,212.54310672406308,820.9903064099677,1668.631801943193
292,mitNR_nouns,a,3,1,3,3,maqˁaqˁad,CVCVCVC,CVC,перо-GEN,GEN,239.40996528183274,0.09360785754449807,231.35229790352503,235.38113159267888,728.8253458841438,1866.5444735969168
293,mitNR_nouns,i,1,0,2,2,riši,CVCV,CV,сестрат,NOM,202.73963660031507,0.07118624448935407,194.94086684501306,198.84025172266405,402.77712646317224,1964.3111838545374
294,mitNR_nouns,i,2,1,2,2,riši,CVCV,CV,сестрат,NOM,231.14552295395032,0.11923695951975333,174.4598844091984,202.80270368157437,419.51396716732177,2270.7947921605482
295,mitNR_nouns,i,1,0,2,4,rišimaše,CVCVCVCV,CV,сестра-PL,PL,201.3907808354087,0.07756728872698204,188.67050790750218,195.03064437145542,435.6348355195418,1976.7633624588789
296,mitNR_nouns,i,2,1,2,4,rišimaše,CVCVCVCV,CV,сестра-PL,PL,276.2548175633538,0.15513457745407777,266.59277238829367,271.42379497582374,405.24820348715997,2420.630727324908
297,mitNR_nouns,a,3,0,2,4,rišimaše,CVCVCVCV,CV,сестра-PL,PL,235.2791033957159,0.06407732547017986,220.74173869307012,228.010421044393,702.5092412181555,1815.6638380404759
298,mitNR_nouns,e,4,0,2,4,rišimaše,CVCVCVCV,CV,сестра-PL,PL,284.0136889589636,0.0708223070985241,265.8854284570742,274.9495587080189,557.87232734119,2257.53406580952
299,mitNR_nouns,i,1,2,0,2,ʒiʒɨx,CVCVC,CV,муравей,NOM,237.7724953772417,0.08418211434548084,219.33109135977497,228.55179336850836,395.82710503748746,2091.8811171291313
300,mitNR_nouns,ɨ,2,2,0,2,ʒiʒɨx,CVCVC,CVC,муравей,NOM,203.41450699281765,0.0936865466103427,116.63994915680986,160.02722807481376,506.64811465628577,1796.5419113495375
301,mitNR_nouns,ɨ,1,0,2,3,ʒɨʒɨxmar,CVCVCCVC,CV,муравей-PL,PL,220.89704418802395,0.0830900637868126,215.3807373082129,218.13889074811843,429.4105679520455,2106.4696218494796
302,mitNR_nouns,ɨ,2,1,2,3,ʒɨʒɨxmar,CVCVCCVC,CVC,муравей-PL,PL,218.01943688486872,0.06778399940503732,195.2413901163182,206.63041350059348,485.56258693403703,1835.984855001337
303,mitNR_nouns,a,3,0,2,3,ʒɨʒɨxmar,CVCVCCVC,CVC,муравей-PL,PL,158.04527974940586,0.08527664441282923,153.53284665986612,155.789063204636,686.9578479380496,1493.9796357811003
304,mitNR_nouns,ɨ,1,0,3,3,ʒɨʒɨχed,CVCVCVC,CV,мурайвей-GEN,GEN,228.71146578918604,0.07506170283761549,214.38527112048607,221.54836845483607,427.703154722041,2068.950755261924
305,mitNR_nouns,ɨ,2,0,3,3,ʒɨʒɨχed,CVCVCVC,CV,мурайвей-GEN,GEN,237.61723249788068,0.050934726925561336,217.76747466025216,227.69235357906643,500.6696404096799,1944.300048152388
306,mitNR_nouns,e,3,1,3,3,ʒɨʒɨχed,CVCVCVC,CVC,мурайвей-GEN,GEN,239.9396453434765,0.06970015263505047,235.65012067324787,237.7948830083622,671.6837545368476,2158.2808206116315
307,mitNR_nouns,ɨ,1,0,4,4,ʒɨʒɨχara,CVCVCVCV,CV,муравей-ERG,ERG,234.40321557755524,0.07339165113364743,226.87363198772803,230.63842378264164,393.9311151043518,2094.8488714855694
308,mitNR_nouns,ɨ,2,0,4,4,ʒɨʒɨχara,CVCVCVCV,CV,муравей-ERG,ERG,251.93949236586926,0.06192420564400436,224.77990306880324,238.35969771733625,535.8304885139443,1873.405628769461
309,mitNR_nouns,a,3,0,4,4,ʒɨʒɨχara,CVCVCVCV,CV,муравей-ERG,ERG,238.92716947687117,0.1192614330922197,205.64947772462492,222.28832360074804,708.477431603106,1943.3638671592362
310,mitNR_nouns,a,4,1,4,4,ʒɨʒɨχara,CVCVCVCV,CV,муравей-ERG,ERG,240.6633963512707,0.1307288785817491,220.66567905438262,230.66453770282666,852.1784921236067,1808.1737746999922
311,mitNR_nouns,e,1,0,3,3,ekuled,VCVCVC,V,гнездо,NOM,250.93029922038798,0.07503161627573718,233.384150203968,242.157224712178,664.7105786340507,2153.653526448943
312,mitNR_nouns,u,2,0,3,3,ekuled,VCVCVC,CV,гнездо,NOM,235.33078694621423,0.06565266424127003,219.69241522772538,227.5116010869698,440.4750070127683,1887.3776870253591
313,mitNR_nouns,e,3,1,3,3,ekuled,VCVCVC,CVC,гнездо,NOM,240.9889103567452,0.08910004432732421,227.92566936133366,234.45728985903943,562.1346228796219,2175.177060535795
314,mitNR_nouns,e,1,0,3,3,ekulbɨr,VCVCCVC,V,гнездо-PL,PL,256.9830123434684,0.09439993341618447,224.03179948038533,240.50740591192687,591.9244415061045,2195.3709298094836
315,mitNR_nouns,u,2,0,3,3,ekulbɨr,VCVCCVC,CVC,гнездо-PL,PL,222.65100252323296,0.08181327562738261,186.10343046127866,204.3772164922558,535.4004865278101,1139.2980812377994
316,mitNR_nouns,ɨ,3,1,3,3,ekulbɨr,VCVCCVC,CVC,гнездо-PL,PL,188.42585642342252,0.10698659120498633,176.35993434691514,182.39289538516883,388.7485737733478,961.886650139194
317,mitNR_nouns,i,1,0,2,2,wirɨɣ,CVCVC,CV,солнце,NOM,192.98316120583013,0.09691460564215504,186.7918599732489,189.88751058953952,517.9358589727302,1885.060559462052
318,mitNR_nouns,ɨ,2,1,2,2,wirɨɣ,CVCVC,CVC,солнце,NOM,190.3704725792603,0.09501431925696124,181.81451464119803,186.09249361022916,566.915961881835,1600.7076383868941
319,mitNR_nouns,i,1,0,3,3,wirɣɨd,CVCCVC,CV,солнце-GEN,GEN,193.27038172966908,0.08855470381161013,187.3840824161008,190.32723207288495,567.6374015337248,2101.2697114256757
320,mitNR_nouns,ə,2,0,3,3,wirɣɨd,CVCCVC,CV,солнце-GEN,GEN,182.01083527955956,0.03738976383158388,177.57937425869522,179.7951047691274,564.3165212857368,1809.454741054848
321,mitNR_nouns,ɨ,3,1,3,3,wirɣɨd,CVCCVC,CVC,солнце-GEN,GEN,220.57628689949362,0.08658682150462482,199.661417133543,210.1188520165183,443.35129795115,1731.0938079966295
322,mitNR_nouns,i,1,0,2,3,wirɣɨda,CVCCVCV,CVC,солнце-LOC,LOC,202.28909916802613,0.11622890839885258,195.79514599838882,199.04212258320746,471.91845685862376,1954.9376477170024
323,mitNR_nouns,ɨ,2,1,2,3,wirɣɨda,CVCCVCV,CV,солнце-LOC,LOC,308.7210596411857,0.1081199147896541,134.13990748196716,221.43048356157644,514.0212897950006,2056.6867650295753
324,mitNR_nouns,a,3,0,2,3,wirɣɨda,CVCCVCV,CV,солнце-LOC,LOC,261.78194949284034,0.09370392615107903,226.6908791614483,244.2364143271443,753.3847225065439,1718.2300929185371
325,mitNR_nouns,u,1,0,2,2,ʁubaʁ,CVCVC,CV,пчела,NOM,201.05336322006465,0.06559644463459335,182.48728577538822,191.77032449772645,541.32501572763,1000.2703720207296
326,mitNR_nouns,a,2,1,2,2,ʁubaʁ,CVCVC,CVC,пчела,NOM,221.78085584111605,0.1368154416663856,186.08897389573514,203.9349148684256,833.8292254426794,1478.556115609281
327,mitNR_nouns,u,1,0,2,2,ʁubʁud,CVCCVC,CVC,пчела-GEN,GEN,197.24599413234853,0.06941885538037695,177.1140952062535,187.18004466930103,497.42502333184956,928.8673807861302
328,mitNR_nouns,u,2,1,2,2,ʁubʁud,CVCCVC,CVC,пчела-GEN,GEN,255.86651369304846,0.0997896046093274,228.82604061014598,242.34627715159723,524.571227800641,1105.862472145672
329,mitNR_nouns,u,1,0,2,3,ʁubʁura,CVCCVCV,CVC,пчела-ERG,ERG,204.2592575984007,0.07743997722423046,178.15870221839458,191.20897990839762,490.83907340065474,921.308665938449
330,mitNR_nouns,u,2,1,2,3,ʁubʁura,CVCCVCV,CV,пчела-ERG,ERG,235.76078212546486,0.07947787136174611,219.87475365477331,227.8177678901191,454.9810137611885,919.4943529212052
331,mitNR_nouns,a,3,0,2,3,ʁubʁura,CVCCVCV,CV,пчела-ERG,ERG,246.4385341294797,0.0937431303240146,235.76683990428472,241.10268701688221,673.3833889183084,1508.2883429019332
332,mitNR_nouns,u,1,0,2,3,ʁubaʁmar,CVCVCCVC,CV,пчела-PL,PL,175.44695603421874,0.09059278619793076,163.9272026347521,169.68707933448542,487.84489156230956,858.1732349920251
333,mitNR_nouns,a,2,1,2,3,ʁubaʁmar,CVCVCCVC,CVC,пчела-PL,PL,215.87698785422089,0.1594433037083718,191.80382617544444,203.84040701483266,928.2033312931496,1564.948029746645
334,mitNR_nouns,a,3,0,2,3,ʁubaʁmar,CVCVCCVC,CVC,пчела-PL,PL,80.4760418735212,0.10871134343756239,79.7452557548486,80.1106488141849,711.8929644171149,1570.832776612038
335,mitNR_nouns,a,1,0,2,2,maɢᵂal,CVCVC,CV,крапива,NOM,190.27278075694417,0.13130264717483442,173.23793649269572,181.75535862481996,909.3424213195289,1452.822146899983
336,mitNR_nouns,a,2,1,2,2,maɢᵂal,CVCVC,CVC,крапива,NOM,,0.11671346415528205,,,579.721281283197,1029.2291831615757
337,mitNR_nouns,a,1,0,3,3,maɢᵂalid,CVCVCVC,CV,крапива-GEN,GEN,206.28403201215917,0.09055216105366526,189.5249731986728,197.90450260541598,912.3789321944088,1493.3062058200148
338,mitNR_nouns,a,2,0,3,3,maɢᵂalid,CVCVCVC,CV,крапива-GEN,GEN,202.3620761008528,0.06640491810605909,187.85192641225416,195.10700125655347,588.875774643933,1320.843177198959
339,mitNR_nouns,i,3,1,3,3,maɢᵂalid,CVCVCVC,CVC,крапива-GEN,GEN,219.14048206233412,0.09055216105355157,204.45090367361104,211.79569286797258,439.90571072984176,2166.2276234288433
340,mitNR_nouns,ɨ,1,0,3,3,mɨčrija ,CVCCVCV,CVC,борода-LOC,LOC,189.58299523375024,0.07554911759689276,185.4635195906347,187.52325741219246,411.41121965584585,2021.0654574936252
341,mitNR_nouns,i,2,0,3,3,mɨčrija ,CVCCVCV,CV,борода-LOC,LOC,228.15179755860817,0.08075940156902561,211.6875321685481,219.91966486357813,436.0007891239822,2246.1160874513594
342,mitNR_nouns,a,3,1,3,3,mɨčrija ,CVCCVCV,CV,борода-LOC,LOC,254.48397859944544,0.12113910235359526,238.44853511142625,246.46625685543586,771.1308429355559,1898.9903280871183
343,mitNR_nouns,ɨ,1,0,3,3,mɨčrijid,CVCCVCVC,CVC,борода-GEN,GEN,207.21448838592926,0.03296414862268193,203.00613103772767,205.11030971182845,464.2378416626474,2019.1072175848662
344,mitNR_nouns,i,2,0,3,3,mɨčrijid,CVCCVCVC,CV,борода-GEN,GEN,212.51401174729304,0.04310696358345467,205.38151636711802,208.94776405720552,425.35899389605146,2340.395435654081
345,mitNR_nouns,i,3,1,3,3,mɨčrijid,CVCCVCVC,CVC,борода-GEN,GEN,245.98632660557936,0.07860681594627295,233.51228832396407,239.74930746477173,485.4403140157551,2399.5570778618085
346,mitNR_nouns,a,1,1,1,2,χˀadi,CVCV,CV,звезда,NOM,219.2936708770401,0.11484931206757665,193.1475706508217,206.22062076393092,733.3627248499842,1571.2497636581265
347,mitNR_nouns,i,2,0,1,2,χˀadi,CVCV,CV,звезда,NOM,91.986695284222,0.08039451844729229,76.96023433769577,84.47346481095889,455.60610757028,1093.5094939745247
348,mitNR_nouns,a,1,1,1,3,χˀadejbɨr,CVCVCCVC,CV,звезда-PL,PL,216.9700529634691,0.08415446253468417,205.93278264942546,211.4514178064473,624.3827604660895,1784.477362955685
349,mitNR_nouns,e,2,0,1,3,χˀadejbɨr,CVCVCCVC,CVC,звезда-PL,PL,216.27658384890051,0.08816181789347866,175.3445715256603,195.81057768728041,395.7292544298448,2357.1867480564324
350,mitNR_nouns,ɨ,3,0,1,3,χˀadejbɨr,CVCVCCVC,CVC,звезда-PL,PL,167.96353255062058,0.11220595004635925,158.7156868586348,163.3396097046277,476.06738536759474,1318.4904430791894
351,mitNR_nouns,a,1,0,2,2,χˀaded,CVCVC,CV,звезда-GEN,GEN,206.53413632125836,0.09045744895388452,199.04571062617103,202.78992347371468,773.6938560620284,1870.76681337396
352,mitNR_nouns,e,2,1,2,2,χˀaded,CVCVC,CVC,звезда-GEN,GEN,221.8560557160814,0.13137867586146967,208.75131966704632,215.30368769156388,448.93384730697545,2340.488990250377
